Index;Date;Time;Tensao (V);Corrente (A);Potencia (W);Potencia (VA);Potencia (VAR);Fator de Potencia;Angulo (Grau);Frequencia (Hz);Energia (Wh);Energia (Wh+)
0;2024-08-02;13:55:57;126.68;2.95;364.25;373.98;84.75;0.97;-13.10;60.03;0.20;0.20;0.20;-0.00
1;2024-08-02;13:56:00;126.63;2.95;364.04;373.84;85.04;0.97;-13.10;60.02;0.31;0.31;0.31;-0.00
2;2024-08-02;13:56:01;126.62;2.94;362.05;371.74;84.30;0.97;-13.10;60.01;0.43;0.43;0.43;-0.00
3;2024-08-02;13:56:02;126.74;2.92;360.27;369.68;82.85;0.97;-13.00;60.01;0.55;0.55;0.55;-0.00
4;2024-08-02;13:56:03;126.74;2.92;360.81;370.11;82.49;0.97;-12.90;60.01;0.66;0.66;0.66;-0.00
5;2024-08-02;13:56:05;126.81;2.92;361.16;370.59;83.05;0.97;-13.00;60.01;0.78;0.78;0.78;-0.00
6;2024-08-02;13:56:06;126.72;2.91;358.83;368.40;83.41;0.97;-13.10;60.01;0.89;0.89;0.89;-0.00
7;2024-08-02;13:56:07;126.77;2.90;357.83;367.61;84.23;0.97;-13.20;60.01;1.01;1.01;1.01;-0.00
8;2024-08-02;13:56:08;126.75;2.95;364.36;374.00;84.37;0.97;-13.00;60.01;1.13;1.13;1.13;-0.00
9;2024-08-02;13:56:09;126.82;2.88;355.70;365.27;83.05;0.97;-13.10;60.01;1.24;1.25;1.25;-0.00
10;2024-08-02;13:56:10;126.69;2.96;366.34;375.47;82.32;0.98;-12.70;60.01;1.37;1.37;1.37;-0.00
11;2024-08-02;13:56:12;126.71;2.92;360.85;370.50;84.03;0.97;-13.10;60.00;1.49;1.49;1.49;-0.00
12;2024-08-02;13:56:13;126.69;2.91;359.22;368.91;83.98;0.97;-13.20;60.00;1.60;1.60;1.60;-0.00
13;2024-08-02;13:56:14;126.65;2.91;359.46;369.03;83.50;0.97;-13.10;59.98;1.72;1.72;1.72;-0.00
14;2024-08-02;13:56:15;126.68;2.92;360.30;370.24;85.24;0.97;-13.30;59.99;1.83;1.83;1.83;-0.00
15;2024-08-02;13:56:16;126.70;2.92;360.60;370.44;84.82;0.97;-13.20;59.98;1.95;1.95;1.95;-0.00
16;2024-08-02;13:56:17;126.61;2.91;358.96;368.46;83.13;0.97;-13.00;59.98;2.07;2.07;2.07;-0.00
17;2024-08-02;13:56:18;126.76;2.89;356.88;366.25;82.33;0.97;-13.00;59.98;2.18;2.18;2.18;-0.00
18;2024-08-02;13:56:20;126.74;2.90;358.23;367.62;82.53;0.97;-13.00;59.97;2.30;2.30;2.30;-0.00
19;2024-08-02;13:56:21;126.79;2.90;358.15;367.63;82.94;0.97;-13.00;59.98;2.41;2.41;2.41;-0.00
20;2024-08-02;13:56:22;126.76;2.90;357.96;367.55;83.40;0.97;-13.10;59.98;2.52;2.53;2.53;-0.00
21;2024-08-02;13:56:23;126.71;2.91;358.79;368.23;82.84;0.97;-13.00;59.99;2.63;2.64;2.64;-0.00
22;2024-08-02;13:56:24;126.68;2.91;359.68;369.27;83.60;0.97;-13.10;59.98;2.75;2.76;2.76;-0.00
23;2024-08-02;13:56:25;126.54;2.91;358.93;368.67;84.20;0.97;-13.20;59.98;2.86;2.87;2.87;-0.00
24;2024-08-02;13:56:27;126.56;2.92;360.31;369.99;84.10;0.97;-13.10;59.98;2.98;2.98;2.98;-0.00
25;2024-08-02;13:56:28;126.62;2.93;361.11;370.53;83.02;0.97;-12.90;59.98;3.10;3.11;3.11;-0.00
26;2024-08-02;13:56:29;126.60;2.92;359.91;369.28;82.67;0.97;-12.90;59.99;3.21;3.22;3.22;-0.00
27;2024-08-02;13:56:30;126.58;2.95;363.36;373.13;84.86;0.97;-13.10;59.99;3.32;3.33;3.33;-0.00
28;2024-08-02;13:56:31;126.58;2.93;360.61;370.61;85.50;0.97;-13.30;59.98;3.44;3.45;3.45;-0.00
29;2024-08-02;13:56:32;126.66;2.91;358.30;368.24;85.00;0.97;-13.30;59.99;3.55;3.56;3.56;-0.00
30;2024-08-02;13:56:33;126.58;2.91;358.52;368.41;84.81;0.97;-13.30;59.99;3.67;3.68;3.68;-0.00
31;2024-08-02;13:56:35;126.58;2.92;359.63;369.28;83.87;0.97;-13.10;59.99;3.79;3.80;3.80;-0.00
32;2024-08-02;13:56:36;126.64;2.91;359.05;368.62;83.42;0.97;-13.10;59.99;3.90;3.90;3.90;-0.00
33;2024-08-02;13:56:37;126.60;2.90;358.38;367.68;82.18;0.97;-12.90;59.99;4.01;4.01;4.01;-0.00
34;2024-08-02;13:56:38;126.70;2.91;359.38;368.58;81.85;0.97;-12.80;59.99;4.13;4.13;4.13;-0.00
35;2024-08-02;13:56:39;126.63;2.92;360.43;369.80;82.70;0.97;-12.90;59.99;4.25;4.25;4.25;-0.00
36;2024-08-02;13:56:40;126.58;2.92;358.81;369.18;86.90;0.97;-13.60;59.99;4.36;4.36;4.36;-0.00
37;2024-08-02;13:56:42;126.55;2.94;362.43;372.27;85.04;0.97;-13.20;59.99;4.48;4.48;4.48;-0.00
38;2024-08-02;13:56:43;126.50;2.93;360.84;370.18;82.64;0.97;-12.90;59.99;4.60;4.60;4.60;-0.00
39;2024-08-02;13:56:44;126.62;2.92;360.53;369.44;80.63;0.98;-12.60;59.99;4.71;4.71;4.71;-0.00
40;2024-08-02;13:56:45;126.71;2.90;358.41;367.53;81.37;0.98;-12.80;60.00;4.83;4.83;4.83;-0.00
41;2024-08-02;13:56:46;126.61;2.91;358.93;368.54;83.61;0.97;-13.10;60.00;4.94;4.94;4.94;-0.00
42;2024-08-02;13:56:47;126.59;2.92;360.03;370.26;86.42;0.97;-13.50;60.00;5.06;5.06;5.06;-0.00
43;2024-08-02;13:56:48;126.37;2.94;362.15;371.41;82.44;0.98;-12.80;59.99;5.17;5.17;5.17;-0.00
44;2024-08-02;13:56:50;126.37;2.93;361.02;370.24;82.11;0.98;-12.80;59.99;5.29;5.29;5.29;-0.00
45;2024-08-02;13:56:51;126.01;2.93;360.60;369.58;80.98;0.98;-12.70;60.00;5.40;5.40;5.40;-0.00
46;2024-08-02;13:56:52;126.02;2.93;359.88;369.19;82.36;0.97;-12.90;60.00;5.52;5.53;5.53;-0.00
47;2024-08-02;13:56:53;125.98;2.97;364.09;373.77;84.55;0.97;-13.10;60.00;5.64;5.65;5.65;-0.00
48;2024-08-02;13:56:54;126.00;2.94;360.47;370.05;83.66;0.97;-13.10;60.01;5.75;5.76;5.76;-0.00
49;2024-08-02;13:56:55;126.02;2.94;360.58;370.02;83.09;0.97;-13.00;60.01;5.87;5.88;5.88;-0.00
50;2024-08-02;13:56:57;126.04;2.93;359.96;369.36;82.81;0.97;-13.00;60.01;5.98;5.99;5.99;-0.00
51;2024-08-02;13:56:58;125.97;2.93;359.75;369.23;83.14;0.97;-13.00;60.01;6.10;6.11;6.11;-0.00
52;2024-08-02;13:56:59;126.00;2.93;359.55;368.87;82.40;0.97;-12.90;60.01;6.21;6.22;6.22;-0.00
53;2024-08-02;13:57:00;125.92;2.97;364.61;374.22;84.31;0.97;-13.00;60.01;6.33;6.34;6.34;-0.00
54;2024-08-02;13:57:01;125.91;2.98;365.60;375.57;85.94;0.97;-13.20;60.01;6.46;6.46;6.46;-0.00
55;2024-08-02;13:57:02;125.85;2.97;364.22;374.12;85.50;0.97;-13.20;60.00;6.57;6.57;6.57;-0.00
56;2024-08-02;13:57:04;125.96;2.95;362.54;371.90;82.92;0.97;-12.90;60.01;6.69;6.69;6.69;-0.00
57;2024-08-02;13:57:05;126.00;2.92;358.22;367.46;81.91;0.97;-12.90;60.01;6.80;6.80;6.80;-0.00
58;2024-08-02;13:57:06;125.96;2.95;362.82;371.36;79.20;0.98;-12.30;60.01;6.92;6.92;6.92;-0.00
59;2024-08-02;13:57:07;126.05;2.92;359.67;368.54;80.37;0.98;-12.60;60.01;7.04;7.04;7.04;-0.00
60;2024-08-02;13:57:08;126.02;2.96;363.29;372.69;83.18;0.97;-12.90;60.00;7.15;7.15;7.15;-0.00
61;2024-08-02;13:57:09;126.06;2.96;363.40;373.29;85.33;0.97;-13.20;60.00;7.27;7.27;7.27;-0.00
62;2024-08-02;13:57:10;126.02;2.97;363.66;373.76;86.30;0.97;-13.30;60.01;7.38;7.39;7.39;-0.00
63;2024-08-02;13:57:12;126.00;2.96;363.44;373.24;84.97;0.97;-13.20;60.00;7.50;7.51;7.51;-0.00
64;2024-08-02;13:57:13;125.98;2.95;362.72;372.06;82.87;0.97;-12.90;60.00;7.61;7.62;7.62;-0.00
65;2024-08-02;13:57:14;126.33;2.93;361.18;370.34;81.84;0.98;-12.80;60.00;7.74;7.74;7.74;-0.00
66;2024-08-02;13:57:15;126.46;2.91;359.40;368.47;81.23;0.98;-12.70;59.99;7.85;7.85;7.85;-0.00
67;2024-08-02;13:57:16;126.37;2.94;362.71;372.14;83.27;0.97;-12.90;59.99;7.97;7.97;7.97;-0.00
68;2024-08-02;13:57:17;126.44;2.94;362.24;372.03;84.80;0.97;-13.20;59.99;8.09;8.09;8.09;-0.00
69;2024-08-02;13:57:19;126.43;2.94;362.08;371.89;84.84;0.97;-13.20;59.99;8.20;8.20;8.20;-0.00
70;2024-08-02;13:57:20;126.40;2.93;360.39;369.76;82.70;0.97;-12.90;59.99;8.31;8.31;8.31;-0.00
71;2024-08-02;13:57:21;126.33;2.92;358.40;368.36;85.07;0.97;-13.40;59.98;8.43;8.43;8.43;-0.00
72;2024-08-02;13:57:22;126.43;2.92;358.87;368.88;85.36;0.97;-13.40;59.98;8.55;8.55;8.55;-0.00
73;2024-08-02;13:57:23;126.49;2.91;358.66;368.38;84.06;0.97;-13.20;59.98;8.66;8.66;8.66;-0.00
74;2024-08-02;13:57:24;126.42;2.94;363.03;371.95;80.97;0.98;-12.60;59.98;8.78;8.78;8.78;-0.00
75;2024-08-02;13:57:25;126.55;2.91;358.59;367.89;82.19;0.97;-12.90;59.98;8.89;8.89;8.89;-0.00
76;2024-08-02;13:57:27;126.52;2.91;358.37;367.59;81.82;0.97;-12.90;59.99;9.01;9.01;9.01;-0.00
77;2024-08-02;13:57:28;126.49;2.91;358.31;367.71;82.62;0.97;-13.00;59.99;9.12;9.12;9.12;-0.00
78;2024-08-02;13:57:29;126.51;2.91;358.12;367.91;84.29;0.97;-13.20;59.99;9.24;9.24;9.24;-0.00
79;2024-08-02;13:57:30;126.38;2.93;360.34;370.16;84.71;0.97;-13.20;59.99;9.36;9.36;9.36;-0.00
80;2024-08-02;13:57:31;126.43;2.93;360.20;369.91;84.20;0.97;-13.20;59.99;9.47;9.47;9.47;-0.00
81;2024-08-02;13:57:32;126.48;2.93;361.39;370.81;83.06;0.97;-12.90;59.99;9.58;9.58;9.58;-0.00
82;2024-08-02;13:57:34;126.59;2.92;359.85;369.09;82.08;0.97;-12.80;59.99;9.70;9.70;9.70;-0.00
83;2024-08-02;13:57:35;126.53;2.92;359.71;369.05;82.51;0.97;-12.90;59.99;9.82;9.82;9.82;-0.00
84;2024-08-02;13:57:36;126.49;2.93;361.19;370.44;82.28;0.97;-12.80;59.99;9.93;9.93;9.93;-0.00
85;2024-08-02;13:57:37;126.53;2.92;359.78;369.18;82.79;0.97;-13.00;59.99;10.05;10.05;10.05;-0.00
86;2024-08-02;13:57:38;126.49;2.92;359.60;369.24;83.83;0.97;-13.10;59.98;10.16;10.16;10.16;-0.00
87;2024-08-02;13:57:39;126.63;2.91;359.13;368.67;83.33;0.97;-13.10;59.99;10.28;10.28;10.28;-0.00
88;2024-08-02;13:57:41;126.62;2.91;358.76;368.15;82.62;0.97;-13.00;59.99;10.40;10.40;10.40;-0.00
89;2024-08-02;13:57:42;126.63;2.91;359.04;368.25;81.83;0.97;-12.80;60.00;10.51;10.51;10.51;-0.00
90;2024-08-02;13:57:43;126.59;2.91;358.54;367.79;81.95;0.97;-12.90;60.00;10.63;10.63;10.63;-0.00
91;2024-08-02;13:57:44;126.59;2.92;359.70;369.14;82.97;0.97;-13.00;60.00;10.75;10.75;10.75;-0.00
92;2024-08-02;13:57:45;126.59;2.91;359.19;368.83;83.78;0.97;-13.10;60.00;10.86;10.86;10.86;-0.00
93;2024-08-02;13:57:46;126.54;2.91;359.07;368.77;84.02;0.97;-13.20;60.00;10.97;10.98;10.98;-0.00
94;2024-08-02;13:57:47;126.53;2.91;358.81;368.41;83.52;0.97;-13.10;60.01;11.09;11.09;11.09;-0.00
95;2024-08-02;13:57:49;126.55;2.91;358.95;368.39;82.88;0.97;-13.00;60.01;11.21;11.21;11.21;-0.00
96;2024-08-02;13:57:50;126.48;2.91;359.36;368.66;82.31;0.97;-12.90;59.99;11.31;11.32;11.32;-0.00
97;2024-08-02;13:57:51;126.51;2.91;358.55;367.89;82.38;0.97;-12.90;59.99;11.43;11.44;11.44;-0.00
98;2024-08-02;13:57:52;126.55;2.91;358.69;368.12;82.77;0.97;-13.00;59.99;11.54;11.55;11.55;-0.00
99;2024-08-02;13:57:53;126.65;2.91;358.99;368.59;83.54;0.97;-13.10;59.99;11.66;11.67;11.67;-0.00
100;2024-08-02;13:57:54;126.52;2.94;363.08;372.08;81.33;0.98;-12.60;59.99;11.77;11.78;11.78;-0.00
101;2024-08-02;13:57:55;126.68;2.92;360.85;370.33;83.25;0.97;-13.00;59.99;11.88;11.89;11.89;-0.00
102;2024-08-02;13:57:57;126.72;2.93;361.95;371.57;83.99;0.97;-13.10;59.99;12.01;12.01;12.01;-0.00
103;2024-08-02;13:57:58;126.71;2.93;360.85;370.90;85.73;0.97;-13.40;59.99;12.12;12.13;12.13;-0.00
104;2024-08-02;13:57:59;126.66;2.93;360.85;370.98;86.10;0.97;-13.40;59.99;12.23;12.24;12.24;-0.00
105;2024-08-02;13:58:00;126.68;2.93;361.38;371.16;84.63;0.97;-13.20;59.99;12.36;12.36;12.36;-0.00
106;2024-08-02;13:58:01;126.65;2.92;360.39;369.68;82.34;0.97;-12.90;59.99;12.47;12.47;12.47;-0.00
107;2024-08-02;13:58:02;126.61;2.91;359.73;368.94;81.92;0.97;-12.80;59.99;12.59;12.59;12.59;-0.00
108;2024-08-02;13:58:04;126.60;2.96;365.68;375.13;83.71;0.97;-12.90;59.99;12.70;12.70;12.70;-0.00
109;2024-08-02;13:58:05;126.56;2.94;363.45;372.69;82.48;0.98;-12.80;59.99;12.82;12.82;12.82;-0.00
110;2024-08-02;13:58:06;126.61;2.94;362.76;371.98;82.29;0.98;-12.80;59.99;12.94;12.94;12.94;-0.00
111;2024-08-02;13:58:07;126.65;2.93;362.16;371.56;83.04;0.97;-12.90;59.99;13.06;13.06;13.06;-0.00
112;2024-08-02;13:58:08;126.64;2.94;362.27;371.89;84.06;0.97;-13.10;59.99;13.17;13.18;13.18;-0.00
113;2024-08-02;13:58:09;126.53;2.94;362.12;371.96;85.01;0.97;-13.20;59.99;13.29;13.30;13.30;-0.00
114;2024-08-02;13:58:11;126.60;2.95;363.41;373.24;85.12;0.97;-13.20;59.99;13.40;13.41;13.41;-0.00
115;2024-08-02;13:58:12;126.64;2.94;363.01;372.64;84.17;0.97;-13.10;59.99;13.52;13.53;13.53;-0.01
116;2024-08-02;13:58:13;126.56;2.94;362.54;371.97;83.23;0.97;-12.90;59.99;13.63;13.64;13.64;-0.01
117;2024-08-02;13:58:14;126.60;2.93;361.42;370.94;83.50;0.97;-13.00;59.99;13.75;13.76;13.76;-0.01
118;2024-08-02;13:58:15;126.62;2.92;360.28;369.99;84.19;0.97;-13.20;59.99;13.87;13.88;13.88;-0.01
119;2024-08-02;13:58:16;126.72;2.94;362.89;372.98;86.13;0.97;-13.40;59.99;13.98;13.99;13.99;-0.01
120;2024-08-02;13:58:17;126.71;2.95;362.82;373.28;87.78;0.97;-13.60;59.99;14.11;14.11;14.11;-0.01
121;2024-08-02;13:58:19;126.76;2.92;359.41;369.59;86.11;0.97;-13.50;59.99;14.22;14.22;14.22;-0.01
122;2024-08-02;13:58:20;126.78;2.91;360.01;369.55;83.40;0.97;-13.00;59.99;14.34;14.34;14.34;-0.01
123;2024-08-02;13:58:21;126.73;2.92;361.19;370.44;82.27;0.97;-12.80;59.99;14.45;14.45;14.45;-0.01
124;2024-08-02;13:58:22;126.80;2.91;359.17;368.44;82.13;0.97;-12.90;60.00;14.57;14.57;14.57;-0.01
125;2024-08-02;13:58:23;126.80;2.91;358.93;368.84;84.92;0.97;-13.30;60.00;14.69;14.69;14.69;-0.01
126;2024-08-02;13:58:24;126.83;2.91;359.32;369.11;84.45;0.97;-13.20;59.99;14.80;14.80;14.80;-0.01
127;2024-08-02;13:58:26;126.71;2.91;358.93;368.65;84.08;0.97;-13.20;59.99;14.92;14.92;14.92;-0.01
128;2024-08-02;13:58:27;126.69;2.90;357.83;367.32;82.95;0.97;-13.10;60.00;15.03;15.03;15.03;-0.01
129;2024-08-02;13:58:28;126.78;2.90;357.90;367.23;82.23;0.97;-12.90;60.00;15.14;15.15;15.15;-0.01
130;2024-08-02;13:58:29;126.73;2.90;357.72;367.04;82.17;0.97;-12.90;59.99;15.26;15.26;15.26;-0.01
131;2024-08-02;13:58:30;126.76;2.89;357.53;366.84;82.11;0.97;-12.90;59.99;15.37;15.38;15.38;-0.01
132;2024-08-02;13:58:31;126.81;2.89;356.85;366.24;82.38;0.97;-13.00;59.99;15.48;15.49;15.49;-0.01
133;2024-08-02;13:58:32;126.69;2.89;357.24;366.70;82.75;0.97;-13.00;59.99;15.59;15.60;15.60;-0.01
134;2024-08-02;13:58:34;126.75;2.90;357.39;366.97;83.30;0.97;-13.10;59.99;15.71;15.72;15.72;-0.01
135;2024-08-02;13:58:35;126.68;2.90;357.82;367.51;83.85;0.97;-13.20;59.99;15.83;15.84;15.84;-0.01
136;2024-08-02;13:58:36;126.73;2.90;357.48;367.17;83.79;0.97;-13.20;59.98;15.94;15.95;15.95;-0.01
137;2024-08-02;13:58:37;126.68;2.90;357.98;367.55;83.33;0.97;-13.10;59.98;16.06;16.07;16.07;-0.01
138;2024-08-02;13:58:38;126.71;2.90;357.65;367.11;82.77;0.97;-13.00;59.99;16.17;16.17;16.17;-0.01
139;2024-08-02;13:58:39;126.80;2.89;357.58;366.97;82.49;0.97;-13.00;59.98;16.29;16.29;16.29;-0.01
140;2024-08-02;13:58:41;126.76;2.89;357.12;366.53;82.49;0.97;-13.00;59.97;16.40;16.40;16.40;-0.01
141;2024-08-02;13:58:42;126.82;2.90;357.84;367.22;82.46;0.97;-13.00;59.97;16.52;16.52;16.52;-0.01
142;2024-08-02;13:58:43;126.65;2.90;357.43;366.81;82.40;0.97;-13.00;59.97;16.64;16.64;16.64;-0.01
143;2024-08-02;13:58:44;126.82;2.90;358.43;367.92;83.02;0.97;-13.00;59.98;16.74;16.75;16.75;-0.01
144;2024-08-02;13:58:45;126.83;2.91;359.09;368.75;83.87;0.97;-13.10;59.98;16.86;16.87;16.87;-0.01
145;2024-08-02;13:58:46;126.72;2.91;359.15;368.93;84.39;0.97;-13.20;59.98;16.98;16.99;16.99;-0.01
146;2024-08-02;13:58:48;126.74;2.92;359.70;369.51;84.57;0.97;-13.20;59.99;17.09;17.10;17.10;-0.01
147;2024-08-02;13:58:49;126.73;2.91;359.42;369.03;83.70;0.97;-13.10;59.99;17.21;17.22;17.22;-0.01
148;2024-08-02;13:58:50;126.71;2.91;359.44;368.85;82.77;0.97;-13.00;59.99;17.32;17.33;17.33;-0.01
149;2024-08-02;13:58:51;126.68;2.91;359.95;369.19;82.05;0.97;-12.80;59.98;17.44;17.45;17.45;-0.01
150;2024-08-02;13:58:52;126.71;2.91;359.25;368.42;81.69;0.98;-12.80;59.98;17.55;17.56;17.56;-0.01
151;2024-08-02;13:58:53;126.68;2.91;359.68;368.95;82.16;0.97;-12.90;59.98;17.67;17.68;17.68;-0.01
152;2024-08-02;13:58:54;126.66;2.91;359.08;368.43;82.47;0.97;-12.90;59.97;17.78;17.79;17.79;-0.01
153;2024-08-02;13:58:56;126.60;2.92;359.89;369.37;83.14;0.97;-13.00;59.97;17.90;17.91;17.91;-0.01
154;2024-08-02;13:58:57;126.58;2.92;359.74;369.33;83.62;0.97;-13.10;59.97;18.01;18.02;18.02;-0.01
155;2024-08-02;13:58:58;126.69;2.91;359.55;369.25;84.09;0.97;-13.20;59.96;18.13;18.14;18.14;-0.01
156;2024-08-02;13:58:59;126.65;2.92;359.54;369.30;84.34;0.97;-13.20;59.96;18.24;18.25;18.25;-0.01
157;2024-08-02;13:59:00;126.71;2.92;360.25;370.06;84.62;0.97;-13.20;59.96;18.36;18.37;18.37;-0.01
158;2024-08-02;13:59:01;126.78;2.91;359.38;369.21;84.61;0.97;-13.20;59.96;18.47;18.48;18.48;-0.01
159;2024-08-02;13:59:02;126.80;2.92;360.22;369.98;84.41;0.97;-13.20;59.97;18.59;18.60;18.60;-0.01
160;2024-08-02;13:59:04;126.83;2.92;360.34;370.01;84.05;0.97;-13.10;59.98;18.70;18.71;18.71;-0.01
161;2024-08-02;13:59:05;126.73;2.92;361.18;370.67;83.36;0.97;-13.00;59.97;18.82;18.83;18.83;-0.01
162;2024-08-02;13:59:06;126.72;2.92;360.72;370.08;82.71;0.97;-12.90;59.97;18.93;18.94;18.94;-0.01
163;2024-08-02;13:59:07;126.70;2.92;360.42;369.62;81.98;0.98;-12.80;59.97;19.05;19.06;19.06;-0.01
164;2024-08-02;13:59:08;126.76;2.91;359.97;369.17;81.90;0.98;-12.80;59.98;19.16;19.17;19.17;-0.01
165;2024-08-02;13:59:09;126.75;2.91;359.94;369.17;82.05;0.97;-12.80;59.98;19.28;19.29;19.29;-0.01
166;2024-08-02;13:59:11;126.77;2.91;359.95;369.32;82.66;0.97;-12.90;59.98;19.39;19.40;19.40;-0.01
167;2024-08-02;13:59:12;126.74;2.92;360.74;370.21;83.18;0.97;-13.00;59.98;19.51;19.52;19.52;-0.01
168;2024-08-02;13:59:13;126.71;2.92;360.19;369.90;84.21;0.97;-13.20;59.98;19.62;19.63;19.63;-0.01
169;2024-08-02;13:59:14;126.73;2.92;360.36;370.12;84.47;0.97;-13.20;59.98;19.74;19.75;19.75;-0.01
170;2024-08-02;13:59:15;126.88;2.91;360.08;369.80;84.26;0.97;-13.20;59.98;19.85;19.86;19.86;-0.01
171;2024-08-02;13:59:16;126.77;2.91;359.54;369.14;83.66;0.97;-13.10;59.98;19.97;19.98;19.98;-0.01
172;2024-08-02;13:59:17;126.85;2.91;359.90;369.33;82.92;0.97;-13.00;59.99;20.08;20.09;20.09;-0.01
173;2024-08-02;13:59:19;126.87;2.91;360.14;369.43;82.33;0.97;-12.90;59.99;20.20;20.21;20.21;-0.01
174;2024-08-02;13:59:20;126.88;2.91;359.59;368.88;82.28;0.97;-12.90;60.00;20.31;20.32;20.32;-0.01
175;2024-08-02;13:59:21;126.87;2.91;359.61;368.98;82.64;0.97;-12.90;59.99;20.43;20.44;20.44;-0.01
176;2024-08-02;13:59:22;126.78;2.92;360.72;370.17;83.12;0.97;-13.00;59.99;20.54;20.55;20.55;-0.01
177;2024-08-02;13:59:23;126.88;2.91;359.44;369.21;84.36;0.97;-13.20;60.00;20.66;20.67;20.67;-0.01
178;2024-08-02;13:59:24;126.83;2.92;360.05;369.83;84.46;0.97;-13.20;60.00;20.77;20.78;20.78;-0.01
179;2024-08-02;13:59:26;126.82;2.91;359.93;369.51;83.56;0.97;-13.10;60.00;20.89;20.90;20.90;-0.01
180;2024-08-02;13:59:27;126.86;2.90;359.03;368.34;82.33;0.97;-12.90;60.00;21.01;21.02;21.02;-0.01
181;2024-08-02;13:59:28;126.87;2.90;359.23;368.47;81.97;0.97;-12.90;59.99;21.12;21.13;21.13;-0.01
182;2024-08-02;13:59:29;126.84;2.91;359.29;368.64;82.48;0.97;-12.90;60.00;21.24;21.25;21.25;-0.01
183;2024-08-02;13:59:30;126.91;2.90;358.94;368.57;83.69;0.97;-13.10;60.01;21.35;21.36;21.36;-0.01
184;2024-08-02;13:59:31;126.91;2.90;358.79;368.59;84.42;0.97;-13.20;60.01;21.47;21.48;21.48;-0.01
185;2024-08-02;13:59:32;126.96;2.90;358.89;368.64;84.23;0.97;-13.20;60.01;21.58;21.59;21.59;-0.01
186;2024-08-02;13:59:34;126.92;2.90;358.02;367.53;83.07;0.97;-13.10;60.01;21.70;21.71;21.71;-0.01
187;2024-08-02;13:59:35;126.96;2.89;358.00;367.25;81.91;0.97;-12.90;60.01;21.82;21.83;21.83;-0.01
188;2024-08-02;13:59:36;126.91;2.89;357.47;366.76;82.00;0.97;-12.90;60.01;21.93;21.94;21.94;-0.01
189;2024-08-02;13:59:37;126.88;2.89;357.06;366.74;83.69;0.97;-13.20;60.02;22.05;22.06;22.06;-0.01
190;2024-08-02;13:59:38;126.84;2.91;359.07;368.76;83.94;0.97;-13.20;60.01;22.16;22.16;22.16;-0.01
191;2024-08-02;13:59:39;126.80;2.93;362.19;371.74;83.70;0.97;-13.00;60.01;22.28;22.29;22.29;-0.01
192;2024-08-02;13:59:41;126.85;2.93;361.93;371.63;84.33;0.97;-13.10;60.02;22.39;22.40;22.40;-0.01
193;2024-08-02;13:59:42;126.81;2.94;363.16;372.80;84.25;0.97;-13.10;60.02;22.51;22.52;22.52;-0.01
194;2024-08-02;13:59:43;126.91;2.93;362.81;372.19;83.03;0.97;-12.90;60.02;22.63;22.64;22.64;-0.01
195;2024-08-02;13:59:44;126.87;2.93;362.08;371.40;82.69;0.97;-12.90;60.01;22.74;22.75;22.75;-0.01
196;2024-08-02;13:59:45;126.89;2.93;362.41;371.91;83.49;0.97;-13.00;60.01;22.86;22.87;22.87;-0.01
197;2024-08-02;13:59:46;126.84;2.93;361.75;371.46;84.42;0.97;-13.10;60.01;22.97;22.98;22.98;-0.01
198;2024-08-02;13:59:47;126.86;2.93;362.36;372.11;84.60;0.97;-13.10;60.01;23.09;23.10;23.10;-0.01
199;2024-08-02;13:59:49;126.78;2.93;362.09;371.71;84.01;0.97;-13.10;60.00;23.20;23.21;23.21;-0.01
200;2024-08-02;13:59:50;126.88;2.90;358.37;367.64;82.04;0.97;-12.90;60.00;23.32;23.33;23.33;-0.01
201;2024-08-02;13:59:51;126.90;2.88;356.45;365.91;82.65;0.97;-13.10;59.99;23.43;23.44;23.44;-0.01
202;2024-08-02;13:59:52;126.87;2.88;356.19;365.80;83.32;0.97;-13.20;59.99;23.55;23.56;23.56;-0.01
203;2024-08-02;13:59:53;126.70;2.89;356.70;366.39;83.70;0.97;-13.20;59.99;23.66;23.67;23.67;-0.01
204;2024-08-02;13:59:54;126.78;2.89;357.18;366.84;83.65;0.97;-13.20;59.99;23.78;23.79;23.79;-0.01
205;2024-08-02;13:59:56;126.81;2.93;361.71;371.65;85.35;0.97;-13.30;59.98;23.89;23.90;23.90;-0.01
206;2024-08-02;13:59:57;126.75;2.94;362.22;372.26;85.87;0.97;-13.30;59.98;24.01;24.02;24.02;-0.01
207;2024-08-02;13:59:58;126.76;2.93;361.47;371.09;83.96;0.97;-13.10;59.99;24.13;24.14;24.14;-0.01
208;2024-08-02;13:59:59;126.88;2.91;361.04;369.79;79.99;0.98;-12.50;59.99;24.24;24.25;24.25;-0.01
209;2024-08-02;14:00:00;126.80;2.91;360.10;369.58;83.17;0.97;-13.00;59.98;24.36;24.37;24.37;-0.01
210;2024-08-02;14:00:01;126.73;2.91;359.94;369.35;82.82;0.97;-13.00;59.97;24.47;24.48;24.48;-0.01
211;2024-08-02;14:00:03;126.79;2.88;355.42;364.93;82.75;0.97;-13.10;59.98;24.59;24.60;24.60;-0.01
212;2024-08-02;14:00:04;126.80;2.92;361.77;370.76;81.14;0.98;-12.60;59.98;24.70;24.71;24.71;-0.01
213;2024-08-02;14:00:05;126.62;2.93;360.88;370.41;83.50;0.97;-13.00;59.98;24.82;24.83;24.83;-0.01
214;2024-08-02;14:00:06;126.69;2.92;359.59;369.42;84.63;0.97;-13.20;59.98;24.93;24.94;24.94;-0.01
215;2024-08-02;14:00:07;126.76;2.91;359.19;368.97;84.42;0.97;-13.20;59.97;25.05;25.06;25.06;-0.01
216;2024-08-02;14:00:08;126.78;2.91;359.27;369.37;85.80;0.97;-13.40;59.98;25.16;25.17;25.17;-0.01
217;2024-08-02;14:00:09;126.74;2.94;362.71;372.55;85.07;0.97;-13.20;59.98;25.28;25.29;25.29;-0.01
218;2024-08-02;14:00:11;126.78;2.93;361.53;371.10;83.73;0.97;-13.00;59.98;25.39;25.40;25.40;-0.01
219;2024-08-02;14:00:12;126.73;2.92;360.93;370.32;82.88;0.97;-12.90;59.97;25.51;25.52;25.52;-0.01
220;2024-08-02;14:00:13;126.69;2.92;360.18;369.71;83.39;0.97;-13.00;59.97;25.63;25.64;25.64;-0.01
221;2024-08-02;14:00:14;126.65;2.92;360.53;370.15;83.85;0.97;-13.10;59.97;25.74;25.75;25.75;-0.01
222;2024-08-02;14:00:15;126.72;2.92;361.13;370.63;83.36;0.97;-13.00;59.97;25.86;25.87;25.87;-0.01
223;2024-08-02;14:00:16;126.66;2.91;359.70;368.92;81.97;0.97;-12.80;59.97;25.98;25.99;25.99;-0.01
224;2024-08-02;14:00:18;126.68;2.90;358.22;367.69;82.89;0.97;-13.00;59.96;26.09;26.10;26.10;-0.01
225;2024-08-02;14:00:19;126.68;2.92;360.51;369.91;82.87;0.97;-12.90;59.97;26.21;26.22;26.22;-0.01
226;2024-08-02;14:00:20;126.78;2.78;341.81;352.78;87.29;0.97;-14.30;59.97;26.32;26.33;26.33;-0.01
227;2024-08-02;14:00:21;126.72;2.92;359.25;370.06;88.78;0.97;-13.90;59.98;26.44;26.45;26.45;-0.01
228;2024-08-02;14:00:22;126.70;2.89;355.26;366.36;89.49;0.97;-14.10;59.97;26.55;26.56;26.56;-0.01
229;2024-08-02;14:00:23;126.73;2.94;363.28;373.14;85.21;0.97;-13.20;59.98;26.68;26.68;26.68;-0.01
230;2024-08-02;14:00:24;126.76;2.92;360.19;369.69;83.28;0.97;-13.00;59.98;26.80;26.80;26.80;-0.01
231;2024-08-02;14:00:26;126.71;2.90;358.38;367.47;81.25;0.98;-12.80;59.99;26.91;26.91;26.91;-0.01
232;2024-08-02;14:00:27;126.73;2.90;357.97;366.96;80.74;0.98;-12.70;59.99;27.02;27.03;27.03;-0.01
233;2024-08-02;14:00:28;126.72;2.92;361.13;370.16;81.24;0.98;-12.70;59.99;27.14;27.16;27.16;-0.01
234;2024-08-02;14:00:29;126.73;2.93;362.26;371.72;83.33;0.97;-13.00;59.99;27.25;27.27;27.27;-0.01
235;2024-08-02;14:00:30;126.83;2.89;357.56;367.13;83.28;0.97;-13.10;60.00;27.38;27.39;27.39;-0.01
236;2024-08-02;14:00:31;126.65;2.90;358.01;367.50;82.97;0.97;-13.00;60.00;27.48;27.49;27.49;-0.01
237;2024-08-02;14:00:33;126.75;2.89;356.48;366.16;83.62;0.97;-13.20;60.00;27.60;27.61;27.61;-0.01
238;2024-08-02;14:00:34;126.70;2.92;360.47;369.96;83.24;0.97;-13.00;59.99;27.71;27.72;27.72;-0.01
239;2024-08-02;14:00:35;126.75;2.89;356.78;366.16;82.34;0.97;-13.00;60.00;27.83;27.84;27.84;-0.01
240;2024-08-02;14:00:36;126.72;2.93;361.87;370.93;81.49;0.98;-12.70;60.00;27.94;27.95;27.95;-0.01
241;2024-08-02;14:00:37;126.74;2.93;361.98;371.26;82.47;0.97;-12.80;60.00;28.06;28.07;28.07;-0.01
242;2024-08-02;14:00:38;126.73;2.95;364.26;374.19;85.63;0.97;-13.20;60.01;28.17;28.18;28.18;-0.01
243;2024-08-02;14:00:39;126.84;2.91;359.73;369.52;84.46;0.97;-13.20;60.01;28.29;28.30;28.30;-0.01
244;2024-08-02;14:00:41;126.77;2.90;358.82;368.24;82.78;0.97;-13.00;60.01;28.40;28.41;28.41;-0.01
245;2024-08-02;14:00:42;126.88;2.89;357.11;366.42;82.06;0.97;-12.90;60.01;28.52;28.53;28.53;-0.01
246;2024-08-02;14:00:43;126.87;2.92;360.84;370.92;85.88;0.97;-13.40;60.02;28.63;28.64;28.64;-0.01
247;2024-08-02;14:00:44;126.84;2.93;361.26;371.21;85.38;0.97;-13.30;60.02;28.75;28.76;28.76;-0.01
248;2024-08-02;14:00:45;126.84;2.92;360.43;370.08;83.95;0.97;-13.10;60.02;28.86;28.88;28.88;-0.01
249;2024-08-02;14:00:46;126.71;2.91;359.92;369.29;82.65;0.97;-12.90;60.02;28.98;29.00;29.00;-0.01
250;2024-08-02;14:00:48;126.79;2.91;359.83;368.95;81.54;0.98;-12.80;60.02;29.09;29.11;29.11;-0.01
251;2024-08-02;14:00:49;126.76;2.92;360.55;370.09;83.50;0.97;-13.00;60.02;29.21;29.23;29.23;-0.01
252;2024-08-02;14:00:50;126.78;2.89;357.57;366.98;82.59;0.97;-13.00;60.02;29.32;29.33;29.33;-0.01
253;2024-08-02;14:00:51;126.81;2.90;357.96;367.61;83.68;0.97;-13.20;60.01;29.44;29.45;29.45;-0.01
254;2024-08-02;14:00:52;126.78;2.90;358.04;367.58;83.22;0.97;-13.10;60.01;29.55;29.56;29.56;-0.01
255;2024-08-02;14:00:53;126.84;2.89;357.38;366.69;82.12;0.97;-12.90;60.02;29.67;29.68;29.68;-0.01
256;2024-08-02;14:00:54;126.64;2.97;366.55;375.98;83.69;0.97;-12.90;60.02;29.76;29.77;29.77;-0.01
257;2024-08-02;14:00:56;126.77;2.92;360.33;370.14;84.66;0.97;-13.20;60.02;29.88;29.89;29.89;-0.01
258;2024-08-02;14:00:57;127.29;2.35;288.84;298.86;76.72;0.97;-14.90;60.02;29.98;29.99;29.99;-0.01
259;2024-08-02;14:00:58;126.70;2.98;368.04;377.84;85.49;0.97;-13.10;60.01;30.10;30.11;30.11;-0.01
260;2024-08-02;14:00:59;126.77;2.89;356.90;366.57;83.63;0.97;-13.20;60.02;30.21;30.22;30.22;-0.01
261;2024-08-02;14:01:00;126.77;2.90;358.13;367.20;81.13;0.98;-12.80;60.02;30.32;30.33;30.33;-0.01
262;2024-08-02;14:01:01;126.73;2.92;360.61;370.10;83.29;0.97;-13.00;60.02;30.44;30.45;30.45;-0.01
263;2024-08-02;14:01:02;126.74;2.91;359.61;369.17;83.44;0.97;-13.10;60.02;30.56;30.57;30.57;-0.01
264;2024-08-02;14:01:04;126.84;2.89;357.13;366.82;83.75;0.97;-13.20;60.01;30.67;30.68;30.68;-0.01
265;2024-08-02;14:01:05;126.81;2.90;357.93;367.31;82.47;0.97;-13.00;60.01;30.79;30.80;30.80;-0.01
266;2024-08-02;14:01:06;126.73;2.91;359.05;368.45;82.66;0.97;-13.00;60.01;30.90;30.91;30.91;-0.01
267;2024-08-02;14:01:07;126.75;2.92;360.00;369.78;84.51;0.97;-13.20;60.02;31.02;31.03;31.03;-0.01
268;2024-08-02;14:01:08;126.71;2.95;364.72;374.01;82.87;0.98;-12.80;60.02;31.14;31.15;31.15;-0.01
269;2024-08-02;14:01:09;126.74;2.91;359.64;368.66;81.05;0.98;-12.70;60.01;31.25;31.26;31.26;-0.01
270;2024-08-02;14:01:11;126.70;2.93;362.03;371.70;84.26;0.97;-13.10;60.01;31.37;31.38;31.38;-0.01
271;2024-08-02;14:01:12;126.59;2.94;363.36;372.75;83.12;0.97;-12.90;60.02;31.48;31.49;31.49;-0.01
272;2024-08-02;14:01:13;126.76;2.92;360.48;369.81;82.53;0.97;-12.90;60.01;31.60;31.61;31.61;-0.01
273;2024-08-02;14:01:14;126.79;2.92;361.04;370.20;81.85;0.98;-12.80;60.01;31.72;31.73;31.73;-0.01
274;2024-08-02;14:01:15;126.76;2.93;362.05;371.87;84.89;0.97;-13.20;60.01;31.83;31.84;31.84;-0.01
275;2024-08-02;14:01:16;126.78;2.91;359.75;369.35;83.63;0.97;-13.10;60.01;31.95;31.96;31.96;-0.01
276;2024-08-02;14:01:18;126.76;2.90;358.53;368.20;83.81;0.97;-13.20;60.01;32.06;32.07;32.07;-0.01
277;2024-08-02;14:01:19;126.67;2.90;357.48;366.84;82.35;0.97;-13.00;60.02;32.18;32.19;32.19;-0.01
278;2024-08-02;14:01:20;126.81;2.92;360.46;370.19;84.30;0.97;-13.20;60.02;32.29;32.30;32.30;-0.01
279;2024-08-02;14:01:21;126.82;2.91;359.32;368.63;82.33;0.97;-12.90;60.02;32.41;32.42;32.42;-0.01
280;2024-08-02;14:01:22;126.81;2.89;357.23;366.60;82.38;0.97;-13.00;60.02;32.53;32.54;32.54;-0.01
281;2024-08-02;14:01:23;126.74;2.89;356.22;365.86;83.46;0.97;-13.20;60.02;32.64;32.65;32.65;-0.01
282;2024-08-02;14:01:24;126.70;2.96;364.57;374.42;85.36;0.97;-13.20;60.02;32.76;32.77;32.77;-0.01
283;2024-08-02;14:01:26;126.76;2.89;357.20;366.78;83.29;0.97;-13.10;60.02;32.87;32.88;32.88;-0.01
284;2024-08-02;14:01:27;126.75;2.89;356.90;366.28;82.38;0.97;-13.00;60.01;32.99;33.00;33.00;-0.01
285;2024-08-02;14:01:28;126.82;2.89;356.78;366.12;82.20;0.97;-13.00;60.02;33.09;33.11;33.11;-0.01
286;2024-08-02;14:01:29;126.33;2.90;356.78;366.49;83.81;0.97;-13.20;60.02;33.21;33.23;33.23;-0.01
287;2024-08-02;14:01:30;126.31;2.92;358.79;368.83;85.48;0.97;-13.40;60.01;33.32;33.34;33.34;-0.01
288;2024-08-02;14:01:31;126.28;2.91;358.34;368.01;83.81;0.97;-13.20;60.01;33.44;33.46;33.46;-0.01
289;2024-08-02;14:01:33;126.31;2.91;358.61;367.79;81.66;0.97;-12.80;60.01;33.55;33.57;33.57;-0.01
290;2024-08-02;14:01:34;126.32;2.91;358.38;367.36;80.72;0.98;-12.70;60.01;33.67;33.69;33.69;-0.01
291;2024-08-02;14:01:35;126.27;2.91;357.90;367.09;81.64;0.97;-12.80;60.00;33.78;33.80;33.80;-0.01
292;2024-08-02;14:01:36;126.16;2.92;358.96;368.80;84.59;0.97;-13.30;60.00;33.90;33.91;33.91;-0.01
293;2024-08-02;14:01:37;126.15;2.92;358.36;368.15;84.32;0.97;-13.20;60.00;34.02;34.03;34.03;-0.01
294;2024-08-02;14:01:38;126.20;2.90;356.50;366.08;83.21;0.97;-13.10;59.99;34.13;34.14;34.14;-0.01
295;2024-08-02;14:01:39;126.18;2.90;356.81;366.44;83.46;0.97;-13.20;59.99;34.25;34.26;34.26;-0.01
296;2024-08-02;14:01:41;126.17;2.91;357.12;366.60;82.83;0.97;-13.10;59.99;34.36;34.37;34.37;-0.01
297;2024-08-02;14:01:42;126.21;2.89;355.31;364.68;82.12;0.97;-13.00;59.99;34.48;34.49;34.49;-0.01
298;2024-08-02;14:01:43;126.22;2.90;356.54;365.87;82.08;0.97;-13.00;59.99;34.59;34.60;34.60;-0.01
299;2024-08-02;14:01:44;126.21;2.89;355.34;364.67;81.97;0.97;-13.00;59.99;34.70;34.72;34.72;-0.01
300;2024-08-02;14:01:45;126.20;2.89;354.87;364.24;82.09;0.97;-13.00;59.98;34.81;34.83;34.83;-0.01
301;2024-08-02;14:01:46;126.19;2.89;355.49;364.97;82.62;0.97;-13.10;59.98;34.93;34.94;34.94;-0.01
302;2024-08-02;14:01:48;126.13;2.92;358.26;367.99;84.06;0.97;-13.20;59.97;35.04;35.05;35.05;-0.01
303;2024-08-02;14:01:49;126.11;2.93;359.14;368.97;84.58;0.97;-13.30;59.97;35.16;35.17;35.17;-0.01
304;2024-08-02;14:01:50;126.21;2.92;358.44;368.20;84.22;0.97;-13.20;59.98;35.27;35.28;35.28;-0.01
305;2024-08-02;14:01:51;126.21;2.92;358.61;368.37;84.23;0.97;-13.20;59.97;35.39;35.40;35.40;-0.01
306;2024-08-02;14:01:52;126.22;2.90;356.75;366.38;83.46;0.97;-13.20;59.97;35.50;35.51;35.51;-0.01
307;2024-08-02;14:01:53;126.75;2.89;357.08;366.52;82.67;0.97;-13.00;59.98;35.62;35.63;35.63;-0.01
308;2024-08-02;14:01:54;126.84;2.88;355.86;365.54;83.59;0.97;-13.20;59.99;35.73;35.74;35.74;-0.01
309;2024-08-02;14:01:56;126.78;2.94;362.84;373.27;87.59;0.97;-13.60;59.98;35.85;35.86;35.86;-0.01
310;2024-08-02;14:01:57;126.74;2.94;362.71;373.12;87.52;0.97;-13.60;59.99;35.96;35.97;35.97;-0.01
311;2024-08-02;14:01:58;126.74;2.93;361.69;371.94;86.70;0.97;-13.50;59.99;36.08;36.09;36.09;-0.01
312;2024-08-02;14:01:59;126.60;2.85;352.11;360.71;78.32;0.98;-12.50;59.98;36.20;36.21;36.21;-0.01
313;2024-08-02;14:02:00;126.79;2.77;341.51;351.09;81.44;0.97;-13.40;59.99;36.30;36.31;36.31;-0.01
314;2024-08-02;14:02:01;127.46;2.08;251.72;265.09;83.13;0.95;-18.30;59.98;36.40;36.42;36.42;-0.01
315;2024-08-02;14:02:03;127.54;2.00;241.72;255.11;81.55;0.95;-18.60;59.97;36.48;36.49;36.49;-0.01
316;2024-08-02;14:02:04;127.13;2.44;300.10;310.62;80.13;0.97;-14.90;59.97;36.56;36.58;36.58;-0.01
317;2024-08-02;14:02:05;127.16;2.46;302.09;312.47;79.89;0.97;-14.80;59.98;36.66;36.67;36.67;-0.01
318;2024-08-02;14:02:06;126.68;3.03;374.33;384.25;86.75;0.97;-13.00;59.98;36.77;36.78;36.78;-0.01
319;2024-08-02;14:02:07;126.79;2.92;360.36;370.21;84.84;0.97;-13.20;59.98;36.88;36.90;36.90;-0.01
320;2024-08-02;14:02:08;126.78;2.92;360.60;370.20;83.75;0.97;-13.10;59.98;37.00;37.02;37.02;-0.01
321;2024-08-02;14:02:09;127.07;2.49;306.58;316.35;78.03;0.97;-14.30;59.98;37.11;37.12;37.12;-0.01
322;2024-08-02;14:02:11;127.80;1.77;211.41;226.54;81.40;0.93;-21.10;59.98;37.20;37.21;37.21;-0.01
323;2024-08-02;14:02:12;128.10;1.53;179.95;196.59;79.15;0.92;-23.70;59.99;37.25;37.27;37.27;-0.01
324;2024-08-02;14:02:13;127.18;2.47;304.58;314.06;76.58;0.97;-14.10;59.98;37.34;37.35;37.35;-0.01
325;2024-08-02;14:02:14;126.77;2.92;360.94;369.79;80.41;0.98;-12.60;59.98;37.45;37.47;37.47;-0.01
326;2024-08-02;14:02:15;127.00;2.93;363.37;372.68;82.76;0.97;-12.80;59.99;37.56;37.58;37.58;-0.01
327;2024-08-02;14:02:16;126.99;2.92;361.15;370.84;84.25;0.97;-13.10;60.00;37.69;37.70;37.70;-0.01
328;2024-08-02;14:02:18;127.08;2.93;362.28;371.94;84.20;0.97;-13.10;60.01;37.80;37.81;37.81;-0.01
329;2024-08-02;14:02:19;127.01;2.91;359.60;369.40;84.53;0.97;-13.20;60.01;37.92;37.93;37.93;-0.01
330;2024-08-02;14:02:20;127.08;2.89;358.52;367.76;81.90;0.97;-12.90;60.02;38.03;38.04;38.04;-0.01
331;2024-08-02;14:02:21;127.02;2.88;356.57;366.10;82.99;0.97;-13.10;60.03;38.15;38.16;38.16;-0.01
332;2024-08-02;14:02:22;126.92;2.91;359.38;368.86;83.10;0.97;-13.00;60.03;38.27;38.28;38.28;-0.01
333;2024-08-02;14:02:23;126.99;2.90;358.70;367.92;81.85;0.97;-12.90;60.03;38.38;38.39;38.39;-0.01
334;2024-08-02;14:02:24;127.02;2.91;359.72;369.05;82.46;0.97;-12.90;60.02;38.49;38.51;38.51;-0.01
335;2024-08-02;14:02:26;127.01;2.92;360.99;370.64;84.00;0.97;-13.10;60.03;38.60;38.62;38.62;-0.01
336;2024-08-02;14:02:27;127.01;2.91;360.25;370.03;84.51;0.97;-13.20;60.03;38.72;38.73;38.73;-0.02
337;2024-08-02;14:02:28;126.97;2.91;360.10;369.95;84.78;0.97;-13.20;60.03;38.84;38.85;38.85;-0.02
338;2024-08-02;14:02:29;126.91;2.92;360.78;370.17;82.86;0.97;-12.90;60.03;38.95;38.97;38.97;-0.02
339;2024-08-02;14:02:30;127.02;2.93;362.44;372.25;84.90;0.97;-13.20;60.03;39.08;39.09;39.09;-0.02
340;2024-08-02;14:02:31;126.97;2.91;360.03;369.58;83.48;0.97;-13.10;60.03;39.19;39.20;39.20;-0.02
341;2024-08-02;14:02:33;126.98;2.91;360.34;369.90;83.56;0.97;-13.10;60.03;39.31;39.32;39.32;-0.02
342;2024-08-02;14:02:34;126.87;2.92;361.22;370.67;83.17;0.97;-13.00;60.02;39.42;39.43;39.43;-0.02
343;2024-08-02;14:02:35;127.04;2.91;360.23;369.55;82.48;0.97;-12.90;60.02;39.54;39.55;39.55;-0.02
344;2024-08-02;14:02:36;126.95;2.91;360.37;369.52;81.72;0.98;-12.80;60.02;39.66;39.67;39.67;-0.02
345;2024-08-02;14:02:37;126.96;2.92;360.94;370.39;83.13;0.97;-13.00;60.02;39.77;39.78;39.78;-0.02
346;2024-08-02;14:02:38;126.92;2.92;360.54;370.38;84.82;0.97;-13.20;60.02;39.89;39.90;39.90;-0.02
347;2024-08-02;14:02:40;126.99;2.87;355.33;365.01;83.51;0.97;-13.20;60.01;40.00;40.01;40.01;-0.02
348;2024-08-02;14:02:41;126.99;2.87;355.37;364.85;82.63;0.97;-13.10;60.01;40.12;40.13;40.13;-0.02
349;2024-08-02;14:02:42;127.06;2.87;355.68;365.04;82.15;0.97;-13.00;60.02;40.22;40.24;40.24;-0.02
350;2024-08-02;14:02:43;126.98;2.90;358.53;367.85;82.28;0.97;-12.90;60.02;40.34;40.36;40.36;-0.02
351;2024-08-02;14:02:44;126.99;2.91;359.54;369.20;83.90;0.97;-13.10;60.02;40.46;40.48;40.48;-0.02
352;2024-08-02;14:02:45;127.08;2.85;353.10;362.54;82.21;0.97;-13.10;60.02;40.57;40.59;40.59;-0.02
353;2024-08-02;14:02:46;126.98;2.98;369.43;379.00;84.66;0.97;-12.90;60.03;40.69;40.71;40.71;-0.02
354;2024-08-02;14:02:48;127.11;2.88;357.25;366.67;82.58;0.97;-13.00;60.03;40.80;40.82;40.82;-0.02
355;2024-08-02;14:02:49;127.06;2.86;354.46;363.91;82.42;0.97;-13.10;60.04;40.92;40.94;40.94;-0.02
356;2024-08-02;14:02:50;127.06;2.87;354.85;364.50;83.33;0.97;-13.20;60.03;41.03;41.05;41.05;-0.02
357;2024-08-02;14:02:51;127.03;2.87;354.82;364.45;83.26;0.97;-13.20;60.03;41.15;41.16;41.16;-0.02
358;2024-08-02;14:02:52;127.00;2.87;354.37;363.85;82.52;0.97;-13.10;60.03;41.26;41.27;41.27;-0.02
359;2024-08-02;14:02:53;127.06;2.87;354.90;364.25;82.02;0.97;-13.00;60.04;41.38;41.39;41.39;-0.02
